{
  "name": "mdi",
  "version": "1.7.22",
  "main": [
    "scss/materialdesignicons.scss"
  ],
  "homepage": "http://materialdesignicons.com",
  "authors": [
    {
      "name": "Austin Andrews",
      "homepage": "http://templarian.com"
    },
    {
      "name": "Google",
      "homepage": "http://www.google.com/design"
    }
  ],
  "license": [
    "OFL-1.1",
    "MIT"
  ],
  "ignore": [
    "*.md",
    "*.json"
  ],
  "keywords": [
    "material",
    "design",
    "icons",
    "webfont"
  ],
  "_release": "1.7.22",
  "_resolution": {
    "type": "version",
    "tag": "v1.7.22",
    "commit": "28ea47fff4867718c6f7a08fff0c9a4032e3357d"
  },
  "_source": "https://github.com/Templarian/MaterialDesign-Webfont.git",
  "_target": "^1.7.22",
  "_originalSource": "mdi",
  "_direct": true
}